<?xml version="1.0" encoding="UTF-8"?>
<Window size="480,360" caption="0,0,0,35">
	<Font shared="true" id="1" name="微软雅黑" size="14" />
	<VerticalLayout>
		<!-- 标题栏 -->
		<HorizontalLayout height="35" bkcolor="#FFD6DBE9" inset="8,8,8,0">
			<HorizontalLayout width="185">
				<Control bkimage="logo.png" height="18" width="18" />
				<Label text="关于" height="18" padding="8" font="1"/>
			</HorizontalLayout>
			<Control />
			<HorizontalLayout width="18">
				<Button name="btn_close" height="18" width="18" normalimage="btn_close_normal.png" hotimage="btn_close_hovered.png" pushedimage="btn_close_pushed.png" />
			</HorizontalLayout>
		</HorizontalLayout>
		<HorizontalLayout bkcolor="#FFFFFFFF">
			<Label align="center" text="duilib tutorial, created by jiajia_deng" />
		</HorizontalLayout>
	</VerticalLayout>
</Window>