<?xml version="1.0" encoding="UTF-8"?>
<Window size="640,480" mininfo="640,480" caption="0,0,0,35" sizebox="4,4,4,4">
	<Font shared="true" id="1" name="微软雅黑" size="14" />
	<VerticalLayout>
		<!-- 标题栏 -->
		<HorizontalLayout height="35" bkcolor="#FFD6DBE9" inset="8,8,8,0">
			<HorizontalLayout width="185">
				<Control bkimage="logo.png" height="18" width="18" />
				<Label text="duilib tutorial" height="18" padding="8" font="1"/>
			</HorizontalLayout>
			<Control />
			<HorizontalLayout childpadding="3" width="60">
				<Button name="minbtn" height="18" width="18" normalimage="btn_min_normal.png" hotimage="btn_min_hovered.png" pushedimage="btn_min_pushed.png" />
				<Button name="maxbtn" height="18" width="18" normalimage="btn_max_normal.png" hotimage="btn_max_hovered.png" pushedimage="btn_max_pushed.png" />
				<Button name="restorebtn" height="18" width="18" normalimage="btn_restore_normal.png" hotimage="btn_restore_hovered.png" pushedimage="btn_restore_pushed.png" visible="false"/>
				<Button name="closebtn" height="18" width="18" normalimage="btn_close_normal.png" hotimage="btn_close_hovered.png" pushedimage="btn_close_pushed.png" />
			</HorizontalLayout>
		</HorizontalLayout>
		<!-- 窗口内容区域 -->
		<HorizontalLayout bkcolor="#FF4D6082">
			<List name="main_wnd_list" header="hidden" padding="10,10,10,10" />
		</HorizontalLayout>
	</VerticalLayout>
</Window>